{
	"partitions" : [
		{
			"name" : "Top",
			"pins" : [
				{
					"name" : "is_gt",
					"strict" : false
				},
				{
					"name" : "is_gte",
					"strict" : false
				},
				{
					"name" : "is_lt",
					"strict" : false
				},
				{
					"name" : "is_lte",
					"strict" : false
				},
				{
					"name" : "is_eq",
					"strict" : false
				},
				{
					"name" : "overflow",
					"strict" : false
				},
				{
					"name" : "B[3]",
					"strict" : false
				},
				{
					"name" : "B[2]",
					"strict" : false
				},
				{
					"name" : "B[0]",
					"strict" : false
				},
				{
					"name" : "B[1]",
					"strict" : false
				},
				{
					"name" : "A[3]",
					"strict" : false
				},
				{
					"name" : "A[2]",
					"strict" : false
				},
				{
					"name" : "A[1]",
					"strict" : false
				},
				{
					"name" : "A[0]",
					"strict" : false
				}
			]
		}
	]
}